abandon	ship:7159
about	it:106983	that:52605	this:50801	me:17793	you:15829	the:15081	us:12057	what:9987	him:9039	time:7915	now:5016	them:3786	her:3039
absolutely	not:8402	nothing:4855	right:3947
actually	no:4383
admit	it:3475
afraid	of:11625	not:7924	so:7361
after	me:7435	them:6393	that:6325	him:5390	you:2830
afternoon	sir:6013
against	the:17169
ah	there:27393	thank:16557	come:16504	right:7896	well:5889	ha:5439	no:5270	yeah:4896	yes:2577
all	right:431540	of:54027	the:40847	there:38313	about:31999	this:28311	your:28180	my:26179	you:16540	for:16382	it:16149	gonna:15675	yours:15588	that:14361	gone:13537	over:11207	set:10950	in:7953	good:7687	alone:6892	day:6803	here:6666	did:5779	night:5604
allow	me:3447
almost	there:6057	done:5775
alright	then:6443
always	do:7046
an	eye:26534	idiot:16989	accident:14849	asshole:13423	hour:12742	ambulance:11420	emergency:9852	appointment:7579	attorney:7208	order:3023
and	what:41863	you:36502	one:27483	who:24039	why:22698	here:22403	so:21751	get:19989	me:18192	another:17671	dont:17546	sit:17309	do:16668	this:16465	thank:15570	for:14881	whats:14790	guess:14725	thats:13975	see:12640	then:12144	gentlemen:10154	mine:7850	him:7315
another	one:10013	thing:7535	time:5586
answer	is:15097	the:14239	it:11980	that:5548	me:2425
any	sense:15353	ideas:5138	news:4876	closer:4753	time:4233	more:4044	luck:3773	questions:2887
anybody	there:13820	else:5254	here:4815	home:3529
anyone	home:7207	there:5517	else:4107
anything	you:23404	about:15341	at:14737	wrong:11676	else:7594	stupid:7141
apology	accepted:5691
apparently	not:4598
appreciate	it:3462
are	you:1393123	we:214677	they:47694	the:36112	these:24582	so:15815	your:15710	for:14810	coming:7954	sir:7921	not:7651	beautiful:7037	welcome:6158	crazy:6121	things:6050	there:5977	here:5619	those:4200	ya:4184	right:3390
arent	you:10109
around	you:4438
arrest	him:4382
as	soon:26642	simple:25731	you:17855	that:14043	if:7565	always:6575	possible:6445	usual:5145
ashamed	of:15850
ask	me:13093	you:12515	her:5095	him:3338
asked	for:15423	you:7780
at	me:52829	this:43083	all:37006	that:20251	your:15563	you:14881	home:9470	these:7562	will:6952	once:6665	least:4977	yourself:4663	us:4199	ease:3444	last:3305	them:3103	it:2940	her:2853	him:2414
attention	please:11680
away	from:59694	sir:4626
aye	sir:13399	captain:5043
back	to:97528	it:15437	there:7803	away:6792	here:6009	soon:4266	up:2561	off:2489
bad	at:15188	is:13939	dog:7275	luck:6468	huh:5803	idea:5723	news:4218
based	on:17863
battle	stations:7650
be	all:174789	right:97925	kidding:49044	fine:38059	so:32476	okay:30817	careful:30346	in:27103	back:26534	ashamed:23983	here:21273	afraid:19085	nice:17944	with:16624	some:16594	great:15345	like:15056	my:13291	late:11300	seated:10409	damned:9967	there:9272	absurd:8025	continued:7781
beat	him:7235	it:3092
beats	me:4409
beautiful	isnt:17442
because	of:21559
been	too:17299	so:15707	up:15561	drinking:5926	doing:5719	here:4534
beg	your:14976
behave	yourself:6630
behind	your:22985	you:10469
believe	me:18498	that:14643	this:12364	it:9854
belong	here:7469
best	of:17891	friend:5887
betrayed	me:7405
big	deal:12993	mistake:7692	time:5689
birthday	to:13224
bite	me:6524
blame	me:6722
bless	you:6335
bloody	hell:2834
bon	voyage:7507
both	of:23371
bother	you:4496
bottoms	up:4992
break	it:13320
breaking	up:7915
breathe	in:7038
bring	him:14936	it:13080
brings	you:12254
broke	up:6967
buckle	up:7449
burn	it:5293
but	you:40255	its:23571	be:18109	thats:17473	not:17331	youre:16448	thank:16010	of:14646	dont:13680	still:6197	where:5982	wait:5927	sir:5612	then:5501	this:5140	no:4192	now:3995	what:2939	how:2930	why:2382
by	all:14298	the:13982	yourself:7933	me:7176	whom:4110	who:3853	that:3227
bye	now:13890	sweetie:7968	baby:6918	honey:5600	guys:4709	mom:4664	dad:4590
call	the:36882	me:34967	it:21209	you:14418	an:13763	him:11236	her:6040
called	me:7392
calm	down:29256
came	back:5585
can	you:223479	do:64198	we:31697	count:23498	say:21689	that:14639	have:13934	tell:12541	trust:12448	go:7502	wait:6484
cant	do:72877	be:53150	stay:29178	you:21021	go:19687	sleep:7819	leave:5339	wait:5250
care	of:70774
carry	on:2968
case	closed:5659
catch	you:16994	it:7573	up:6756	him:4050
cease	fire:3451
certainly	is:7541	sir:5516	not:3320
change	the:16920	of:16088
charge	here:6953
check	it:57160	this:12539
cheer	up:4456
cheering	and:16149
chill	out:5210
choice	is:16054
christs	sake:5679
close	the:12960	your:12678	enough:6223	it:5435
code	red:7574
come	on:527074	with:58600	and:53644	here:43250	in:40934	back:34775	to:21381	from:17090	near:16628	this:14766	any:14732	over:9505	quick:6389	up:5896	home:5805	now:5122	quickly:4597	down:3895	inside:3707	closer:3631	again:3093	out:2713	along:2695
coming	with:18342	right:15389	back:7450	up:4246	through:2960
consider	it:16083
cool	huh:7932	it:5286
copy	that:2293
could	you:44497	this:17171	make:16959	say:12568	be:8967
count	me:17194	on:15251
course	you:31787	he:28073	it:19692	of:14696	not:11314	sir:4277
cover	you:6720	me:3733
cuff	him:7433
cut	it:6834
dad	please:6440
damn	right:10389	it:9019	straight:5207	you:2710
dance	with:15818
dare	you:2391
darn	it:5733
day	is:16620	sir:5134
dead	body:5745
deal	with:15724
dear	god:8746
deep	breaths:7823
definitely	not:4316
deserve	it:4265
did	you:672768	he:81928	that:66232	it:62235	they:58504	this:47851	she:36712	the:20959	something:14135	not:13604	what:11216	we:7720	well:6294	great:6053	good:4098
didnt	you:80713	have:30460	do:17714	say:6255	work:4635	know:4086
difference	does:20638
dinners	ready:6667
disgust	me:6198
do	you:1249471	that:165638	we:144899	it:137248	this:97630	to:43935	what:28674	whatever:26185	now:22356	anything:21656	they:19184	sit:17799	with:16249	about:15042	my:13332	not:12725	tell:7458	something:7425	sir:6447
does	that:128418	it:108990	he:54105	she:15568	this:13090
doesnt	make:80098	work:22271	mean:17212	know:12746	matter:9342	it:5946
doing	here:59177	in:19450	down:15987	to:15815	this:14846	out:13198	man:11634	there:11368	good:7628	up:7316	tonight:6751	fine:6213	now:5325	great:3696	what:3213
done	is:14724	that:7425	here:4460
dont	you:158682	be:106757	know:97578	have:89212	do:86215	look:66667	even:57433	worry:56596	get:55980	talk:53278	tell:46889	mind:43853	hurt:43716	go:41655	come:41340	let:41225	kill:34644	think:30873	give:30733	listen:30294	touch:29410	change:26902	make:25365	call:24877
door	was:16806
doubt	about:15850
down	on:26663	here:17670	calm:16683	sit:16525	please:4701	there:3828
drink	to:15360	this:4983	it:4293	up:3764
drop	your:26368	the:19464	it:2492
duty	calls:6772
each	other:6788
earned	it:7058
easy	for:71468	does:16552	now:11971	boy:6578
eat	this:6777	up:5256	it:3750
eight	years:7352
else	is:23688	you:14894
end	of:21089
enjoy	your:16423	yourself:5395	it:4738
enough	of:17811	is:15587	already:6209
especially	you:7892
even	think:23458	know:15778	you:6646	mean:5452	close:4457	better:4291
evening	ladies:26891	gentlemen:7802	sir:3633
every	night:7519	time:4529	day:3256
everybody	knows:15683	does:7946	up:7609	down:5175	out:3269
everyone	knows:16455	out:7829
everything	will:40469	all:25398	is:14432	ok:12463	alright:7545	okay:5224
everythings	gonna:45128	all:16251	under:16251	okay:4906	fine:2687
exactly	right:7653
except	you:6614
excuse	me:85823	us:2850
explain	later:4531
eye	on:17124
eyes	open:5215
face	it:6354
fair	enough:2511
fall	in:5667	back:3020
false	alarm:5960
far	from:17516	so:15126	enough:7719	away:7666	out:7298
federal	agents:6205
feel	that:14698	it:12908	me:6677	better:4863
feeling	better:12209
feels	good:7632
figure	it:47534
find	out:34402	him:21541	it:18899	anything:12704	her:12116	me:9461	you:5778	them:5587
fine	by:17080	with:16854	thank:14998	thanks:5467
finish	him:6429	it:5280
fire	in:24319	at:16853	away:6934
first	things:15194	time:6974
five	four:36626	six:25281	seconds:7818	years:4857	minutes:2901
fix	it:11535
flatter	yourself:7533
follow	me:24346	my:17775	him:5453
following	me:6137
for	you:85814	your:66386	me:43420	the:31767	gods:27122	all:26647	what:22256	it:21575	this:20135	coming:19619	that:19206	christs:15568	everything:13641	how:13004	yourself:9464	instance:8016	sure:7395	him:7102	whom:6931	good:6471	example:5943	asking:5686	who:5681	us:5162
forget	it:20584	about:12960	that:11298	him:6333
forgive	me:5382
found	it:17462
four	three:26729	years:6169	five:5239
free	to:13287
from	me:14857	him:14092	her:13739	here:12759	it:7610	there:7033	you:6557	whom:5752	who:4324	where:4283	what:3588
further	questions:4658
game	on:7053	over:4584
gee	thanks:7618
gentlemen	please:6976
get	out:308492	the:96256	it:80093	used:72063	this:68874	back:51613	in:50365	on:48175	me:48138	him:45255	to:44955	away:40406	your:38043	them:37102	down:35356	us:34861	her:34707	rid:30985	outta:25726	off:22261	over:22007	that:20974	up:20438	an:17609
getting	out:24774	married:6301	away:5841	at:5379	late:3879
gimme	that:5790
give	me:109808	it:49785	them:26860	you:16795	up:10321
glad	to:42810	you:36634
go	on:92102	lets:42647	in:40633	to:36128	ahead:32299	get:30982	back:27208	now:25757	of:18694	over:17378	that:16865	right:14893	come:14640	away:14517	with:12822	for:12781	home:12768	again:11252	first:9305	inside:8491	together:7553	man:7493	there:6980	out:6915
god	be:26448	help:23372	youre:15298	knows:7789	bless:7759	no:6842	damn:6416	forbid:6147
goddamn	you:6780	it:2301
gods	sake:8010
goes	there:5931
going	on:109924	to:71359	down:14330	anywhere:9573	somewhere:5852	in:5640	home:3835
gone	mad:4676
gonna	be:122043	do:32378	die:20242	need:16083	happen:15757	believe:14760	love:14638	work:7410
good	to:160196	evening:40468	luck:37470	for:19378	morning:18830	enough:17434	night:11582	work:9561	news:8978	afternoon:8405	day:7581	answer:7323	riddance:7128	game:6660	times:6508	dog:6192	lad:6139	grief:5907	stuff:5664	choice:5652	call:5566	thinking:5545	shot:5532	bye:5265
goodbye	sir:7334
got	to:163748	it:26273	him:18042	into:16509	here:13892	there:11576	that:11056	this:9823	you:8600	her:7964	away:6472	company:5866	me:3008
gotta	be:41388	get:30242	help:16184	go:11623	move:5969
gotten	into:14611
grab	my:16884	it:4717	him:4406
great	to:26465	news:13071	thanks:6704	job:4062	idea:3963
grow	up:5167
guess	what:12408	so:7966	who:6025	not:5981
gun	down:3027
guys	talking:16412	come:15192	doing:8964	ready:7914	okay:7547
half	an:17081
hand	it:14500
handle	this:10621	it:3994
hands	on:50313	off:32900	behind:32791	in:24159	up:11953
hang	on:31127	in:13163	up:11309
happen	again:3534
happened	to:82933	here:11437	there:7931	then:7738	next:7155
happening	to:13919	here:5670
happens	all:26815	now:5248
happy	birthday:15636	new:12873	now:11603	halloween:7778	anniversary:6174	thanksgiving:6052
hard	to:38053	feelings:5424
has	something:16865	to:15534	it:14720	happened:5598
hates	me:7925
have	to:235120	you:220025	it:66428	the:51632	we:46815	no:39034	time:18191	an:17585	told:15600	done:15552	in:15307	much:12441	my:11498	children:7438	changed:7377	mercy:6594	some:6283	here:5013	fun:2516
havent	you:13331	changed:7937
having	fun:6236
he	was:50999	is:47945	wants:45687	look:31243	didnt:30949	talking:28185	saved:25874	doing:24949	say:23081	loves:22169	did:21771	do:20193	made:17634	started:17021	got:16257	doesnt:15873	likes:15629	does:15019	told:14560	said:13718	all:13196	like:12547	going:11371	here:11271
head	down:5697
heads	up:3324
hear	me:43842	that:26429	it:9472	something:7406	what:5086
heard	of:18794	the:13407	her:6921	him:3584	me:2691
heart	attack:7200
heil	hitler:3694
hell	is:105332	do:85481	are:70971	out:44290	be:40052	happened:26024	did:24650	were:23423	does:21880	have:20728	just:16456	no:13708	was:11063	yeah:8305	man:7477	yes:7437	not:6961	up:6280
hello	how:26604	there:7987	john:7923	jack:7816	mother:7791	son:7577	dad:7426	father:7185	sweetheart:6367	dear:5966	ladies:5644	again:5238	everybody:5221	everyone:4911	boys:4799	darling:3460	sir:3109
hells	the:33196	wrong:24467	going:17500
help	me:57878	us:24252	you:20436	her:6559	him:3923	yourself:3011
her	out:24337	name:7328	away:5623	alone:2921	go:2474
here	we:90292	let:34820	you:26379	take:19593	she:17325	they:15932	he:15646	it:14991	come:14333	boy:10348	sir:6942	look:5625	baby:5273	goes:4179
heres	the:18310	my:16275	one:7880
hes	my:37647	not:35612	the:24836	on:24494	all:18294	an:17432	got:16173	so:16116	with:15702	getting:15608	right:15164	over:15150	still:14459	in:12617	coming:10254	inside:8003	beautiful:7978	upstairs:7938	down:7884	cool:7861	married:7860	hurt:7833	nice:7623	leaving:7472
hey	whats:49765	where:48984	what:45512	how:37907	look:32104	you:28835	check:27172	are:25334	hows:25005	its:19225	excuse:17027	wake:16099	come:16097	watch:15379	stop:11749	wait:10337	george:7994	everyone:7940	jake:7939	guys:7755	pete:7644	jim:7525	max:7471	asshole:7434
hi	how:23232	its:15547	everyone:7580	girls:7169	darling:7136	there:6173	everybody:5074	sweetheart:4973	daddy:4091	sweetie:3924	baby:3703	dad:3088	mom:2999	guys:2909	honey:2752
high	five:6534
him	out:21605	down:18681	up:18150	get:16568	in:15830	on:7841	be:6684	away:3183	alone:2598	go:2346
his	name:19651	fault:7146	problem:7063	wife:5562	way:4967
hit	me:9273	him:3711	it:3101
hold	on:57012	it:44571	your:20323	the:16554	that:10989	him:9706	her:6963	tight:5804	me:4462	this:3126	still:3025	up:2619
holding	up:11960
holy	cow:4417
home	sweet:16539
hop	in:4329
hope	so:5877
how	do:153379	did:141927	are:125372	long:104190	much:91822	can:80000	could:67165	does:60763	you:55821	old:54648	is:50567	was:46441	it:33937	about:28599	many:24114	would:23414	have:23057	bad:19188	we:15350	dare:12086	cute:7945	big:7779	interesting:7243	exciting:7036
howd	you:57241	it:12586
howre	you:15123
hows	it:27178	she:13846	he:12982	that:9259	business:6734	this:4883
howve	you:17420
hurry	it:15536	up:6013
hurt	me:11186	her:7830	him:5574
hurting	me:3628
ice	cream:5065
identify	yourself:7088
if	you:51154	youll:49591	thats:36132
ignore	him:6045
ill	be:131623	take:103810	see:65794	get:54504	call:44435	tell:43188	talk:42830	do:38959	think:38144	keep:36342	look:26458	give:26409	come:26196	figure:26184	wait:25817	drink:24983	meet:23785	pay:23726	let:23643	check:23465	find:21315	go:20415	handle:18553	protect:17129
imagine	that:12823
in	the:143004	there:61455	here:28739	it:20187	your:16419	that:15895	you:15761	charge:15315	come:14569	mind:14188	what:10717	touch:8706	pain:7782	private:7634	line:7356	trouble:6516	time:6072	fact:4903	please:4349	case:3930
into	you:14122	it:7251
is	that:271421	it:224101	he:126336	this:100693	the:91988	she:68983	all:52057	there:50045	wrong:49488	your:43718	not:39427	everything:38902	so:37498	what:32713	going:30310	my:30030	something:29841	true:17521	someone:16956	anybody:16950	isnt:16539	his:16174	anything:16080	to:15778
isnt	it:41654	that:31523	he:7460	working:7172	over:6829	funny:6517	happening:6307	right:4926
it	was:217177	is:197549	out:79646	doesnt:76463	to:60026	wasnt:57198	wont:44212	up:36650	look:35117	makes:31905	from:31103	back:30451	happens:29976	go:29853	off:27049	down:25859	you:24927	has:23319	or:23092	do:22392	going:21972	on:21315	for:20988	does:19395
itll	be:33959	pass:7133	work:6569
its	not:321125	all:81238	for:63330	the:57187	too:57060	so:52082	going:51690	your:51537	my:49902	none:47712	gonna:46503	okay:45961	been:42512	as:35240	no:34767	good:31296	very:29549	me:28861	true:28283	nothing:27213	hard:26915	now:26493	more:26477	nice:25669
james	bond:7096
jesus	christ:6416
join	me:6776	us:4544
joking	right:7309
jolly	good:6547
jump	in:7151
just	let:41663	like:39200	the:33068	get:32300	hear:26672	so:26399	leave:26315	you:26155	think:22449	go:21576	take:19595	in:19437	listen:18687	say:17555	stay:17400	one:17111	keep:16686	happened:16600	this:16078	sit:16053	got:16046	hang:15402	be:15078	trust:15042
keep	your:69998	an:35945	up:32799	it:31944	that:26732	me:15627	you:14319	the:12821	going:9574	calm:6851	away:6758	trying:5728	still:5628	walking:4944	talking:4821	looking:4081	quiet:4029	moving:2605
kidding	me:37850	right:3740
kill	him:20079	you:17910	me:12301	them:8508	it:4548	her:3653
killed	him:10020	her:4568
killing	me:5597
kind	of:18186
kiss	the:15078	me:3143
kneel	down:7761
knock	yourself:13716	it:12341
know	what:261137	that:62544	about:49742	where:42755	my:29747	him:27822	me:20706	how:20334	anything:20119	why:19482	the:19382	this:18624	all:15966	her:15467	it:15222	each:14900	its:14900	nothing:6656	yet:5459	something:3009
knows	that:12299
ladies	and:29371	first:5576
last	chance:10682	night:8091	year:8005	thing:7656	one:6964	week:6387
late	for:16287
laughing	at:4051
lay	down:7012
lead	the:16793
leave	it:32644	me:29676	her:8895	us:7760	now:6125	him:5950
left	right:8004
let	me:383637	him:49246	it:40975	go:25639	us:21289	you:14037	them:13647	her:11867
lets	get:173706	go:166540	do:59581	see:44149	check:25434	move:19198	sit:17390	try:16644	have:16169	face:15724	hope:15228	find:13471	hear:13368	just:11235	celebrate:6766	drink:6349	start:6274	begin:5010	play:4650	roll:3966	dance:3858	talk:3565	eat:3123
lie	to:13505	down:3397
lied	to:11134
lighten	up:7000
lights	out:5077
like	that:75194	it:46566	me:18141	old:16416	her:7965	some:7647	you:7509	fun:6746	hell:6326	this:6223	who:4819	what:2195
likes	you:13099
line	up:6109
listen	to:145979	up:7865	carefully:3934
listening	to:27980
little	bit:5835
live	the:16293	here:13283
lock	the:14412
long	have:41167	will:26417	has:24392	live:23520	time:17899	ago:6572	story:4847
look	at:169636	what:25923	like:24468	who:24183	whos:17727	into:16854	so:16211	familiar:15181	over:13781	around:8074	different:7543	well:7466	fantastic:7402	lovely:6970	fine:6911	wonderful:6457	down:6312	back:5739	amazing:5557	man:5536	terrible:5450	up:5214	nice:5058	tired:4413
looking	at:32599	for:16344	good:10814
looks	that:16785	like:13991	good:9749
los	angeles:6276
losing	him:8044
lost	your:13513	him:7007
loud	and:15654
love	me:22015	you:18878	it:16098	her:13460	him:12951
loves	you:13316	me:12809
luck	to:14847	with:13887
lucky	me:6562	you:4955
mad	at:16373
made	it:14322
make	any:42718	it:42219	me:29096	yourself:27619	up:25793	sense:10012	way:3484
makes	you:50981	two:24288	no:16160	sense:10377
man	down:5346
many	are:15642	times:13136
mark	my:17076
marry	me:7164
matter	with:45449	what:4543
may	kiss:23233	go:4565
maybe	next:15570	youre:12755	more:5909	so:5539	later:4005	not:2711
mazel	tov:6260
me	what:74662	your:62725	out:53171	get:48169	the:45149	like:44868	talk:31389	about:27482	whats:25642	help:24476	look:24129	see:22905	ask:21906	think:20127	show:18073	have:17274	tell:16791	and:16353	excuse:16022	please:15090	handle:15059	to:14370	go:14192	neither:14134
mean	that:13608	by:11859	anything:7670	it:5542
meaning	of:30424	what:4303
meet	you:53810
meeting	you:11488
mention	it:3070
merry	christmas:2290
met	before:7042
mind	your:22393	do:15316	me:5552	that:4422
mine	too:11449
miss	me:11263	you:4657
mission	accomplished:4960
mom	please:6247
moment	please:3932
more	than:34321	do:22280	like:13162	or:13065	thing:10370	questions:5495	time:3022
morning	sir:7792	everyone:7165	gentlemen:6531
mouth	shut:7346
move	it:42260	out:34690	on:9936	away:5053	in:4895	along:4441	aside:3942	back:3830	over:3679
moving	on:4684
mr	president:5584
much	time:35934	do:31739	is:21083	for:15771	so:6206	sir:6055	obliged:5902	longer:4517	better:3369
must	be:52863	go:13651	hurry:8033
my	name:35749	fault:31747	friend:30259	wife:24320	life:22871	son:21054	hand:18938	best:17671	turn:15980	job:15926	daughter:15629	gosh:15232	dead:14918	house:14529	lord:13653	goodness:12782	business:12759	money:12191	car:11857	sister:10907	husband:10791	baby:10413	word:10395	way:10135
nailed	it:7452
name	it:12420	was:6767	again:6122	is:5533
near	me:6650
need	to:73189	some:16522	help:16181	your:12925	anything:12824	it:8002	me:4570	you:4087
never	heard:28109	mind:12628	better:5009	again:4094	know:3167
new	york:3533	year:3076
next	week:10985	time:10083	please:7572	question:6360
nice	to:118821	meeting:30326	and:13441	huh:7566	car:7023	place:4706	shot:4491	one:4421	job:4099	try:3538	work:3178
nicely	done:5973
night	sir:4133
no	its:63366	you:63181	not:56225	thats:51983	it:44107	problem:44105	one:37761	we:32530	he:31803	thank:25911	big:25167	dont:24348	youre:23127	listen:22042	they:22039	doubt:19599	way:18847	of:18198	forget:16741	such:16230	go:15922	wait:15739	absolutely:15317	can:15237
nobody	does:7607	here:6877	knows:4735	move:3467
none	of:82464	at:14840	whatsoever:7503	taken:4836
not	gonna:73675	so:46306	that:44135	for:39810	what:39445	too:37486	bad:33530	all:31166	like:30089	the:27239	good:27003	right:26277	going:24878	at:23256	you:20288	here:19999	listening:19947	true:19632	to:17997	me:17152	his:16621	this:16102	exactly:15428	worth:14579
nothing	to:87966	you:23546	we:23357	like:15270	personal:14418	at:12362	serious:5874	sir:5747	special:4991	there:4945	much:4600	here:4449	yet:4053	more:4018	else:3929	happened:3174
nothings	changed:6221	wrong:5886
now	its:40660	listen:38878	if:34839	what:34396	get:29553	come:26603	where:26050	or:17028	lets:16594	were:16060	then:14932	youre:14728	you:13103	look:10372	go:8430	please:7067
number	two:6790	one:5353
objection	your:14462
of	course:138996	here:107733	your:64666	the:64036	my:51520	it:42042	us:34893	him:28785	this:26495	you:22867	them:13805	me:11271	yourself:10888	which:7864	luck:7807	discussion:7601	her:6984	something:6069	plans:6032	that:4851	cake:4203	time:4186	story:3564	there:2902
off	me:19096	your:15263	of:12755	you:12547	to:6031	him:4914
officer	down:6256
oh	thats:69468	there:55350	no:48743	thank:47165	my:40897	come:33608	is:33591	its:32695	look:29768	you:29514	yes:29135	yeah:26161	for:23225	what:21632	here:18827	youre:16989	forget:15419	never:15263	dont:13299	all:12580	excuse:12560	shut:12450	of:12395	hell:11473
ok	lets:14989	thanks:7112	bye:7026	fine:6200	then:5829
okay	lets:28897	you:21576	here:21538	thats:19672	got:16052	hold:14775	honey:13622	its:13418	come:12309	thank:12260	all:12189	baby:11759	go:11579	man:8015	sorry:7700	mom:7312	then:7186	everybody:7178	now:6890	stop:5579	ready:5570	well:5426	wait:4899	sure:4871
okey	dokey:6104
old	is:19536	were:17481	are:12120	times:6988	man:6582
on	your:88232	come:87075	the:65724	get:56693	lets:47784	one:30989	in:30375	with:28601	it:26822	go:21106	then:20922	out:19738	this:17834	me:17766	what:17711	wake:16507	tell:16505	hang:16415	man:16278	here:16221	sit:15598	their:14858	his:14730	over:14218
once	again:7041	more:5646
one	way:34641	more:26282	of:16842	last:16839	second:15057	thing:14533	is:14329	two:12928	can:7659	else:7259	moment:6908	time:6417	condition:6217	here:5938	sec:5806	knows:5630	hour:4835	day:4444	minute:2937
only	one:48846	you:5626	way:4296
open	the:22497	your:15973	this:13823	fire:6717	it:6662	up:2295
or	leave:14073	me:7742	never:7564	worse:7299	else:6499	you:6405	something:6324	treat:4639	less:3744	not:3116	no:3050
other	way:6351	one:5797	time:5034
our	way:3461
out	of:499520	there:21471	here:11818	now:5399
outta	here:6495
over	there:33364	my:24092	here:21479	and:13394	yet:6950	now:6138	with:5953	it:5209
owe	me:4522
own	good:7613	business:3748
pardon	me:2423
partys	over:7520
pay	you:16782	up:6277	attention:4074
perfect	timing:5709
perhaps	not:6695
permission	granted:6619
phone	rings:4865
pick	up:19670	him:15082	it:12210	one:6602
piece	of:13371
piss	off:3294
place	your:14470
please	dont:77887	help:29219	listen:24603	let:23584	come:21853	be:21127	sit:17829	follow:16926	tell:14953	excuse:14815	forgive:12278	respond:7476	stop:7466	stay:7307	continue:7210	god:6259	hurry:5094	hold:5079	go:4551	leave:4408	wait:4362	sir:3967	do:3769	no:3242
pleased	to:21223
pleasure	to:23243
point	taken:6913
poor	thing:11409	baby:7873	kid:7022	girl:6680	guy:5116
praise	the:14531	god:7721
present	arms:7484
pretty	cool:17078	good:8959	much:3545
prime	minister:7008
probably	right:5322	not:3142
problem	at:17053	is:7944	solved:6051
promise	me:3221
promised	me:6309
protect	you:7531
prove	it:3356
pull	the:17128	yourself:13955	back:5419	it:5294	up:4130	over:2897
push	it:14108	me:5558
put	your:47404	it:31822	him:22906	the:21304	that:19008	this:13472	me:12358
quiet	down:5983	please:5152
quit	it:5121
quite	so:7576	right:5057
read	all:25065	this:6153	me:3798	it:3391
ready	to:28476	for:15825
real	good:5892
really	want:23941	good:15579	think:12956	great:7743	no:5643	is:4839
recognize	me:7034
red	alert:6539
release	him:6787
remain	silent:3494
remember	me:27425	that:12856	this:5802
reminds	me:7177
repeat	after:16564
rid	of:21121
right	here:49719	you:42885	all:39906	there:35794	to:35257	lets:30398	over:27221	thats:19657	go:17849	sir:16858	behind:16003	thank:15022	with:14928	come:13157	then:12795	okay:12281	this:12156	yeah:11825	now:11066	back:10055	listen:10001	on:8930	away:7293	cool:7234
rise	and:14948
roger	that:2424
room	service:5334
run	for:16279	away:4391
running	out:21657
safe	now:4363
said	that:20540	so:14586	it:9908
same	to:15673	thing:11189	here:3562
save	him:7832	yourself:6086	it:4224	me:3416
saved	my:27837	me:5232
saw	him:6507	it:5154
say	that:47622	anything:25445	your:24054	something:16364	to:16058	it:15008	no:14230	so:8851	hello:6281	yes:5040	again:4553	what:3062
saying	that:6073
says	who:3429
scared	me:3063
scaring	me:6020
screw	it:5184	you:3404
see	you:175679	it:35773	what:29651	that:24434	him:18965	anything:14974	your:13890	for:13052	about:12534	ya:10015	me:9216	this:7856	her:6642
seen	this:6883	it:6455	her:5437	him:4427
send	him:14000
sent	you:3919
set	me:14265
settle	down:3507
seven	years:7025	eight:5494
shall	we:26609	see:6564
shame	on:12395
she	is:28149	doing:26160	loves:22850	do:21972	said:21599	hates:17038	likes:16366	told:14825	did:14768	like:14741	doesnt:14631	all:13588	does:11620	was:11050	didnt:10931	go:10560	saying:7997	say:7924	goes:7453	cant:7396	want:6954	wont:6836	will:6238	dead:5616
shell	be:37217
shes	my:35961	all:14083	not:12363	perfect:7771	out:7731	dying:7687	nice:7311	back:7203	sleeping:6936	asleep:6879	hot:6576	cute:6523	sick:6129	mine:5445	pretty:5182	crazy:5087	great:4938	lying:4930	pregnant:4801	coming:4607	okay:4377	good:3866	alive:3676	beautiful:3433
shitting	me:7981
shoot	me:11263	her:7671	them:7075	it:4803	him:2818
shot	me:8049
shots	fired:5573
should	be:28406	have:23731	try:15892	do:14842	know:13285	we:11621	come:7294	go:7063
shouldnt	have:20658	be:12564
show	it:25789	some:16839	me:16536	you:11327	us:7916	him:6983	yourself:4647
shut	the:28334	up:24185	it:15241	your:12467
side	are:23865
sign	it:6226	here:4542
simple	as:32646
since	when:2811
sir	yes:14012	please:5853
sit	down:85478	up:6251	tight:5412	here:4752
six	seven:15387	months:4240
sleep	well:9096	tight:4918
slow	down:2413
smells	good:6532
snap	out:25283
so	what:197726	good:80364	whats:55026	let:43947	much:41444	are:37170	thats:29145	sweet:25626	this:25565	beautiful:21190	far:20161	cool:20135	sure:20022	long:19972	you:16976	its:16443	it:15611	now:14923	tell:14754	do:12697	be:12527	cute:11783	stupid:8047	yeah:8020
some	other:14094	respect:7739	mistake:7705	coffee:7290	help:7206	sleep:3993	rest:3717
somebody	help:7739
someone	there:7394
someones	coming:4412
something	like:26090	the:17598	is:16559	happened:12261	wrong:11327	else:10356	happen:4111
somethings	going:16977	not:13842	happening:7424	happened:6700	wrong:2822
soon	as:16543
sorry	to:65428	about:19146	were:16022	boss:8041	buddy:7837	mate:6959	what:6874	maam:6668	guys:5198	man:3892	sir:2738
sort	of:2696
sound	good:7907
sounds	good:21919	like:15791	great:8969
spare	me:7777
speak	of:23600	english:19153	to:16307	for:14575	up:3223
speaking	of:16904
spit	it:13201
split	up:7490
spread	out:4395
stand	aside:6015	there:4832	still:4380	down:3107	back:2816	by:2675	up:2528
standing	by:5851
staring	at:4019
start	the:15087	talking:8027	again:7989
started	it:7242
stay	here:32269	away:31683	in:24609	out:24163	with:23933	where:20875	right:19746	focused:7494	together:6809	low:6152	close:4618	put:4575	still:3781	calm:2983	there:2635	down:2545	back:2480
step	on:13724	forward:7774	aside:4090	back:3373
stick	around:7148
still	here:16357	doing:15805	nothing:7357	time:7003	there:5551	alive:4699
stop	it:44081	the:19531	saying:15099	right:12016	moving:7328	here:6094	what:5843	please:5477	fighting:5148	her:4966	there:4790	crying:4451	this:4317	them:4150	talking:3700	him:2747	that:2593
straight	up:7365	ahead:5048
such	thing:7351	as:3491
suck	it:7640
suit	yourself:3021
suits	you:7630
supposed	to:38680
sure	about:36314	you:26644	no:16897	youre:16823	it:15672	why:13728	is:10673	do:7814	did:6454	yeah:5216	thing:3212
surprise	me:7831
sweat	it:6691
sweet	home:6830	jesus:6598	dreams:4271
ta	da:3036
take	it:115920	care:97815	your:41678	me:39421	my:30008	the:24754	him:24620	off:21871	them:18560	you:10909	her:9853	one:7730	that:7041	these:6858	this:6453	long:5606	cover:3055
taking	so:16235	him:7440	me:3469
talk	to:141934	about:66250	like:15033	too:14775	later:4185
talked	about:14896
talking	about:55747	to:27880
teach	you:7170
tell	me:235193	you:41683	him:18905	her:18326	the:14482	them:11020	anyone:6933	us:3592
telling	me:17677
ten	hut:7482	years:5327	seconds:5247	minutes:3871
than	that:15514
thank	you:370921	god:20249	me:5502	goodness:3897
thanks	for:62945	to:13768	so:13634	very:12241	pal:7876	honey:6811	mate:6784	anyway:5702	buddy:4564	mom:4148	again:3800	guys:3697	dad:3400	man:2664
that	was:101333	is:79090	what:67666	all:52814	doesnt:42166	have:42079	supposed:40432	would:35079	makes:33263	for:33105	way:31965	right:28613	will:25120	should:23813	cant:21926	wont:21753	sound:19944	guy:18980	sounds:18691	in:17123	so:17089	means:16917	reminds:16149	does:15493
thatd	be:20281
thatll	be:14950	work:6305	do:4625
thats	what:132882	not:130769	all:98941	the:92585	it:68618	my:62442	very:48894	easy:38570	good:37971	too:34724	none:31653	why:31276	how:30722	up:25589	no:23340	more:22100	your:21457	so:21164	just:20311	right:17842	great:17693	for:17628	far:16664	exactly:16599
the	hell:534609	hells:83709	matter:68517	right:61277	way:50496	meaning:47480	door:41233	car:39688	whole:32375	best:28175	police:25922	same:25777	gun:25614	war:25001	choice:24959	truth:24667	answer:24004	thing:23963	two:23650	money:21147	problem:18521	phone:18166	one:17607	plan:17300
their	way:6006
them	out:26027	to:17017	off:7218	away:6823	all:5146	go:4272
then	what:30982	why:28986	do:14667	who:7360	go:5848	dont:5305
there	you:98587	it:35226	must:34375	is:31983	he:30949	she:18759	something:15309	anything:14818	we:14176	they:11531	was:6639	isnt:6146	yet:5288
theres	nothing:125162	no:81387	only:52376	still:15865	nobody:15755	another:15553	something:13968	one:7215	more:3496
these	are:23670	things:16364	guys:7897	people:4485
they	do:49534	are:21667	say:18093	dont:16385	killed:15612	wont:13042	go:10810	doing:9670	cant:6638	didnt:6194	now:6185	were:6028	going:5883	know:5590	saying:5372	will:5312	want:4415	did:3739	come:2858
theyll	kill:16488
theyre	on:23711	not:16223	all:13649	leaving:7855	mine:7369	great:6820	back:6093	good:5102	beautiful:4524	everywhere:4437	fine:4297	dead:3833	gone:2997	here:2613	coming:2582
theyve	gone:6709
thing	is:5964
things	have:16227	happen:7506	change:7280	first:5296
think	about:107876	youre:36493	it:29711	so:29439	of:29129	you:26431	this:23507	thats:15577	that:12849
thinking	about:3977
thirty	seconds:7498
this	is:476131	to:71893	isnt:40582	way:39687	doesnt:33292	guy:27534	one:27269	what:26556	cant:20733	happen:15942	about:15468	over:15312	man:14560	place:13715	all:12554	straight:11233	time:8797	hour:6895	once:6664	afternoon:6504	possible:6432	yours:5861	for:5713	door:4643
threatening	me:5014
three	two:29276	four:8147	hours:7758	weeks:6353	times:6143	minutes:6066	months:5132	days:4351	years:4343
throw	it:12595
tie	him:16541
time	do:26175	to:25674	it:16082	for:13827	no:12852	is:10873	out:4533
times	up:3314
to	me:196857	do:132555	see:130791	get:129643	be:120925	you:113868	meet:104875	go:85761	talk:77999	say:49100	him:44693	know:42036	worry:39396	the:36675	her:36379	hear:30716	it:26595	work:24883	keep:23368	leave:21308	your:20333	bed:17071	find:16910	an:15393
told	me:23616	you:10416
tomorrow	morning:5022	night:4818
too	late:37311	much:34831	bad:25719	soon:15207	long:13496	many:6941	kind:6878	risky:5771	dangerous:3197
took	you:20222
touch	it:11253	me:10392	her:5292	him:4739	anything:4512	that:4164
trick	or:13462
tricked	me:7124
trust	me:35471	you:7479
truth	is:5706
try	it:29551	to:15752	this:4338	me:3353	again:3250
trying	to:17138
turn	it:25849	that:16366	around:9335	back:7838	left:6800	right:5751
twenty	five:6753
two	of:29547	know:23013	three:18289	one:10551	seconds:7977	months:6781	hours:5385	days:4264	weeks:4013	years:4011	minutes:3471
uh	oh:2206	huh:2078
under	attack:6653	control:6343	arrest:2957
understand	that:7920	me:5810
untie	me:6231
until	now:4486
up	the:41267	to:39398	with:19865	your:16462	you:15797	here:9534	man:9190	baby:7867	guys:7804	there:7688	early:7499
us	out:25006	pray:6434	go:5481	alone:3973
use	it:4859
used	to:45914
very	nice:37048	much:35132	well:34072	kind:29297	good:14720	funny:8961	beautiful:7370	soon:6589	cool:6477	bad:6298	pretty:5997	welcome:5768	clever:5165	simple:5111	interesting:4624	important:4387	impressive:4140
voice	down:4730
wait	for:30871	hold:15280	and:15160	here:14548	up:10757	please:7108	outside:7105	there:5710	no:5130	what:2859
waiting	for:6776
wake	up:14998
walk	with:14936	away:4724
wanna	come:7348	go:6826	do:5492
want	to:130026	me:30279	some:20629	one:17660	with:15788	from:11168	it:11005	this:7384	something:6458
wanted	to:19601
wants	to:50537
war	is:16101
was	nice:57072	it:43248	that:38473	your:37534	my:37358	an:28539	he:28080	she:22599	her:13145	here:12535	beautiful:12367	his:12345	awesome:10931	amazing:9257	fun:9073	school:8007	just:8000	you:7948	open:7903	stupid:7845	perfect:7798	incredible:7512	me:7505	wonderful:7474
wasnt	like:17238	my:14474	your:14344	me:9384	it:7059
wasting	your:12667	time:7657
watch	your:26973	where:24618	and:15820	it:8058	him:5051	yourself:4604	me:3568	this:2579	out:2235
way	to:38133	it:14958	please:10651	out:6232	man:6148	sir:5857
we	have:118530	got:91803	do:91756	need:80765	dont:59888	can:52000	gotta:47632	cant:44677	go:39622	are:38426	going:27494	supposed:24005	talked:23665	must:23331	all:23264	just:22552	doing:19692	did:16797	know:16237	found:16166	looking:15808	lost:15787	broke:15772	there:15403
welcome	aboard:4038	home:2806	back:2543
well	be:76492	take:56699	what:51994	thank:43783	talk:35330	this:25023	here:23519	there:23494	figure:23352	ill:21924	thats:21333	find:21111	lets:20310	do:16468	make:16435	you:16175	dont:15950	go:15623	good:15606	not:15320	see:14940	guess:13826	then:13522	of:13131
went	wrong:7800
were	you:96887	getting:39822	all:31857	running:30394	not:29935	gonna:29826	on:23612	working:22725	out:22163	going:19554	losing:16785	wasting:16389	just:15480	under:15386	too:14275	almost:11760	late:11732	we:11374	in:10263	rich:7879	doomed:7669	done:7437	wrong:7398	they:7295
werent	there:6189
weve	got:64470	met:6768
what	are:706840	do:502754	the:390571	is:349041	did:281508	you:237088	does:176928	happened:141692	was:97541	have:83242	about:69824	makes:59560	to:57031	this:54187	else:47188	it:44340	youre:43629	time:40352	that:40077	were:37451	can:33612	they:31107	more:30854	difference:29279
whatd	you:22970	she:13658	he:11873
whatever	you:38137	it:13240	man:6415
whatll	you:16365	we:15328	it:14878
whatre	you:29523
whats	the:169675	going:107117	that:83158	it:72673	up:62546	in:49296	wrong:39863	he:36346	she:34798	this:31711	your:29323	got:25010	taking:24715	done:23231	gotten:23110	happening:21747	on:20878	with:19252	all:18770	happened:18009	his:17988	my:15356	so:11273	her:11209
when	did:70485	are:24798	was:18306
whenever	youre:16181
where	did:158773	are:144114	the:77988	do:75883	you:58698	were:44944	is:43704	does:23725	will:21754	have:19105	she:17758	youre:15808	he:14996	was:14973	we:13221	else:5875	to:2568
whered	you:35486	it:16274	she:14564	they:14434	he:11868
wherere	you:13564
wheres	my:34788	your:23227	the:17682	he:12535	dad:7345	that:4042
whereve	you:13773
which	one:16716	is:16480	ones:7389	part:7093	means:5115	way:3276
who	are:114635	the:87741	is:47584	do:47528	were:40161	did:31813	was:24998	wants:22997	asked:16169	told:15284	it:14845	goes:14314	does:14290	sent:12299	said:11534	with:7645	doesnt:6270	says:5992	knew:5859	me:3556	else:3132	cares:2371	knows:2303
whole	thing:7350	point:7204
whos	in:31443	with:15553	your:15009	here:11078	that:9420	this:8652	coming:7930	asking:7710	calling:6222	talking:5285	she:4320	next:3405	he:3073	there:2337
whose	side:32223	is:15673
why	are:185645	would:120977	didnt:67666	do:66136	did:62510	dont:42776	is:40865	the:23614	not:22392	youre:14846	thank:13995	were:13581	you:9064	here:7821	bother:7288	what:7030	yes:5658	now:3987	me:2537
whyd	you:28334
whys	that:3056
will	you:109439	be:54026	it:16750
wish	me:12302
with	me:80965	you:78588	him:22354	us:15420	it:14808	that:14554	anything:7641	this:7085	whom:5001	who:3848	her:3793	pleasure:3561	what:2898
without	you:7511
wont	you:22195	take:15124	happen:13053	be:12789	work:4260
woo	hoo:4193
work	that:17525	for:5503
working	on:36902	for:7372
works	for:14621
worried	about:7605
worry	about:35132
worth	it:5112
would	you:142526	be:26117	they:23260	she:23027	he:20524
wouldnt	you:6181	understand:4573
write	it:15440
wrong	with:69451	number:6870	answer:6261
ya	later:7593
yeah	thats:46614	you:35640	tell:32356	we:28887	something:22752	it:21794	me:21308	its:20587	he:20508	she:15621	right:15294	lets:13596	thank:13230	go:12979	come:11854	youre:11271	all:11091	of:10874	why:9084	no:8674	hello:8024	dad:7974	sure:7529	probably:6493
yee	haw:5229
yes	you:33139	it:31501	he:27434	we:26135	she:25727	of:24436	your:23529	what:23063	thats:22609	its:19630	they:18990	sir:14632	all:14189	and:13848	my:13036	youre:12953	there:12232	or:11324	thank:10919	mama:8043	general:8023	now:7905	mom:7436	fine:7256
yo	man:7909
you	know:687001	dont:387869	want:338123	do:331192	think:265073	have:246149	get:189231	doing:177934	say:177632	can:140409	like:129293	are:128565	see:127727	talking:114058	look:107868	cant:103809	got:98661	did:96266	should:95489	find:94132	come:90959	been:90530	need:86528	hear:84796
youd	be:14116
youll	excuse:30774	get:30400	be:27295	find:15809	like:15587	love:13515	see:2360
young	man:6373
your	hands:107584	head:39265	name:36800	own:35209	mouth:28527	eyes:28095	problem:27748	fault:26583	mind:22127	honor:19558	time:18136	hand:16923	help:15121	gun:15057	last:14640	voice:14130	turn:13593	attention:13176	friend:11938	call:11856	back:11577	business:11445	choice:10957	face:10859
youre	not:88098	gonna:74482	doing:40451	my:28782	coming:26432	right:24889	out:24738	the:22440	wasting:20726	too:20260	so:19466	very:19145	talking:18406	free:18120	an:17612	kidding:17074	on:16324	shitting:16048	breaking:16006	going:15818	here:14961	looking:14789	ready:14714	damn:14699
yourself	at:13147	comfortable:5143	together:4811	out:4318
youve	got:41165	gotta:31860	changed:6632
